Source,-1,0,1,2,3,4,5,6,7,8,9,10,11,12,13,14,15,16,17,18,19,20,21,22,23,24,25,26,27,28,29,30,31,32,33,34,35,36,37,38,39,40,41,42,43,44,45,46,47,48,49,50,51,52,53,54,55,56,57,58,59,60,61,62,total_count,Association
ASEAN Tribune,973,165,12,23,12,5,15,7,43,0,7,29,3,6,8,0,9,8,25,4,4,3,0,1,1,3,0,1,0,2,15,0,4,23,1,3,2,4,4,1,0,0,15,4,17,3,2,0,4,2,0,0,0,2,1,0,11,0,0,1,2,0,0,0,1490,Southeast Asia
Abbotsford News,903,7,7,17,9,3,12,7,4,0,3,2,12,3,6,0,10,3,15,4,3,4,2,5,4,2,0,4,1,2,2,1,8,2,9,5,10,0,3,2,5,2,2,4,0,4,2,1,1,0,29,0,5,4,1,2,4,0,0,6,3,1,1,0,1173,Canada
"AdnkroNos International, Rome",212,0,0,4,2,0,1,0,0,0,1,0,2,0,2,0,0,0,0,0,0,1,0,0,1,3,0,0,0,0,0,0,0,2,0,1,0,0,1,0,1,0,0,0,1,0,0,0,1,0,0,0,0,0,0,0,0,0,0,0,1,0,0,2,239,Europe
Anchor: Rhode Island College,14,0,1,0,0,0,0,0,0,0,0,0,0,0,0,0,0,0,0,0,0,0,0,0,0,0,0,0,0,0,0,0,0,0,0,0,0,0,0,0,0,0,0,0,1,0,0,0,0,0,0,0,0,0,0,0,0,0,0,0,0,0,0,0,16,US
Arab News Digest,910,3,0,22,15,20,32,3,10,0,6,7,31,2,17,0,4,4,8,4,0,2,4,0,7,11,0,0,0,11,0,0,4,5,2,4,8,4,2,0,11,0,9,0,6,5,0,0,1,2,1,0,0,4,8,5,1,0,1,2,1,1,2,4,1226,Europe
Arizona Daily Wildcat: University of Arizona,66,0,3,0,1,2,0,1,0,0,4,0,0,1,0,0,0,0,0,0,1,1,1,2,0,1,0,0,0,0,2,1,0,0,0,0,0,0,0,3,0,0,0,0,0,0,1,0,0,0,0,0,1,0,0,0,1,0,0,0,0,1,0,0,94,US
Asharq Alawsat (English Edition),1700,6,5,50,23,15,25,9,24,0,4,10,12,2,15,0,10,17,13,12,2,7,2,6,12,21,0,6,0,5,3,2,6,3,10,11,8,6,7,5,9,6,18,0,20,2,12,2,9,6,1,0,4,9,11,9,4,0,8,7,4,1,2,8,2226,MENA
Atlas Society,63,0,0,1,0,0,0,1,0,0,0,0,0,0,0,0,0,0,0,0,0,0,0,0,0,0,0,0,0,0,0,2,1,0,0,0,0,0,4,1,1,0,0,1,0,0,0,0,0,2,0,0,0,0,1,0,0,0,0,0,0,0,0,0,78,US
Badger Herald: University of Wisconsin - Madison,40,0,4,0,0,0,0,2,0,0,2,0,0,1,0,0,0,0,0,0,1,0,0,1,0,0,0,1,1,0,0,0,0,1,0,0,0,0,0,0,0,0,0,1,0,0,0,0,0,0,0,0,0,0,0,0,0,0,0,0,0,0,0,0,55,US
Bangladesh Weekly,351,2,2,0,3,7,7,6,1,0,1,0,0,1,0,0,3,2,4,0,1,2,1,3,1,0,0,1,0,0,1,1,5,4,3,2,0,0,2,0,0,2,0,0,0,2,2,0,2,0,0,0,0,1,1,0,1,0,0,0,0,2,2,0,432,Bangladesh
"Banking and Stock Exchange, Finance, Economics (Russia)",233,8,2,6,3,3,0,0,9,0,1,8,2,1,4,0,0,6,0,2,0,0,0,0,1,5,0,0,0,0,0,0,0,0,0,0,1,1,0,0,5,1,4,2,1,0,0,0,0,1,0,0,2,0,0,0,0,0,1,0,0,2,0,0,315,Europe
Belfast Telegraph,411,2,2,4,8,13,11,3,1,0,3,0,2,0,8,2,2,1,0,7,0,2,4,3,1,0,13,4,1,4,0,7,0,0,2,2,0,2,0,0,1,8,0,4,0,2,0,0,0,0,2,0,0,1,1,3,1,0,0,0,2,0,2,0,552,Europe
Birmingham Evening Mail,190,1,5,0,2,3,1,3,0,0,3,1,1,0,0,0,1,0,0,0,1,0,3,0,3,1,6,0,1,2,0,1,2,3,2,1,1,0,0,0,0,2,1,0,1,0,2,1,0,2,0,0,0,0,0,0,1,0,0,2,2,0,1,0,253,Europe
Business Day (South Africa),165,26,2,8,1,2,0,1,3,0,2,9,0,0,1,0,1,0,1,1,1,1,2,0,0,0,0,1,0,2,2,0,0,0,0,1,2,0,2,3,1,0,1,0,0,0,0,0,0,0,0,0,2,1,0,0,0,0,0,0,0,1,0,0,246,South Africa
Business Mirror (Philippines),549,46,6,11,0,5,12,0,9,0,12,16,1,6,3,0,6,3,10,6,2,2,0,2,3,1,0,1,4,1,0,0,5,13,2,2,0,0,1,0,1,0,1,0,0,0,6,1,0,1,0,0,0,5,2,0,7,0,0,4,0,0,0,1,769,Philippines
CE Latin America Migration English,935,12,24,21,1,12,4,6,15,0,7,4,2,3,1,0,7,5,7,0,2,3,3,2,4,16,0,1,3,9,6,1,0,2,7,0,4,7,7,0,13,0,0,1,4,1,5,1,10,1,0,0,0,5,7,9,0,0,3,0,3,9,0,9,1224,US
Calgary Sun,498,0,16,6,2,8,1,1,0,0,5,0,1,10,0,0,1,0,4,6,2,3,2,2,2,0,10,2,0,5,3,2,1,5,1,2,0,2,6,1,1,5,1,2,0,0,4,0,1,2,0,0,2,0,0,1,1,0,2,0,0,1,0,0,633,Canada
Canberra Times (Australia),792,3,12,5,8,14,2,32,10,0,8,0,5,12,0,0,5,2,1,6,3,7,7,3,6,6,0,2,0,2,3,1,1,5,5,4,0,1,0,3,6,2,2,2,1,5,5,0,4,1,0,0,4,0,2,1,0,0,4,0,0,1,6,4,1026,Australia
Cape Argus (South Africa)/Argus Weekend (South Africa),298,7,1,5,4,5,7,2,3,0,4,3,2,0,6,0,4,4,1,1,0,1,0,2,1,0,0,0,0,0,2,0,4,0,2,1,3,2,0,2,4,2,2,2,3,3,0,1,0,0,0,0,1,0,4,1,0,0,3,2,1,1,1,1,409,South Africa
Cape Times (South Africa),234,0,1,5,5,3,5,1,3,0,2,3,4,1,2,0,3,1,1,0,1,0,0,0,5,4,0,0,0,2,0,0,1,0,2,0,3,5,0,0,2,1,7,1,4,0,0,0,0,0,0,0,3,0,0,0,1,0,1,0,1,1,0,3,322,South Africa
Cavalier Daily: University of Virginia,52,0,1,0,4,2,0,0,0,0,2,0,0,0,0,0,0,2,0,0,0,0,0,0,0,0,0,4,0,0,0,0,2,0,0,0,0,0,0,4,4,0,0,0,0,2,0,0,0,2,0,0,0,2,0,0,4,0,0,0,0,0,0,0,87,US
Chicago Daily Herald,206,0,5,2,2,3,4,1,2,0,9,1,3,4,3,0,0,2,2,0,2,1,4,3,3,0,6,0,0,1,1,1,1,1,2,0,0,1,0,0,0,0,5,0,2,0,2,1,1,2,0,0,1,0,1,0,0,0,0,0,1,0,0,0,292,US
Chicago Maroon: University of Chicago,65,1,0,0,0,1,0,7,0,0,2,0,0,0,0,0,1,0,0,0,0,0,0,0,0,0,0,0,1,1,0,2,1,0,0,0,0,0,0,1,0,1,0,2,0,0,0,1,0,0,0,0,0,0,0,0,0,0,0,0,0,0,0,0,87,US
China Daily,292,2,0,6,2,6,4,0,13,0,0,1,0,0,3,0,0,2,2,0,1,0,0,0,1,7,0,0,0,0,0,0,1,1,0,0,0,3,0,0,6,0,12,0,12,2,0,0,2,0,0,0,0,0,4,1,0,0,3,0,1,2,0,1,393,China
China Daily (Hong Kong Edition),365,1,2,4,0,5,1,2,12,0,2,0,2,0,2,0,4,2,2,1,2,0,1,0,0,9,0,0,2,2,0,2,3,2,0,1,2,1,0,0,8,0,3,0,13,2,0,0,1,0,0,0,2,0,1,0,0,0,1,2,0,4,0,0,471,China
China Daily European Edition,241,1,6,9,1,2,7,0,10,0,0,1,3,0,3,0,3,6,1,0,1,0,3,0,1,5,0,0,1,1,0,1,1,1,0,0,0,4,0,0,6,0,3,0,4,2,0,0,1,0,0,0,0,0,1,1,0,0,2,1,4,2,0,1,341,China
Cornell Daily Sun: Cornell University,161,0,12,0,0,0,0,8,0,0,4,0,0,5,0,0,2,0,0,2,2,0,0,4,0,0,0,2,2,0,4,5,0,0,0,1,0,0,1,6,0,2,0,0,0,2,1,0,0,0,0,0,0,0,0,0,0,0,0,0,0,0,0,0,226,US
Cyprus Mail,310,19,0,10,0,0,11,0,7,0,0,13,1,0,2,0,1,1,1,0,4,1,0,0,2,8,0,1,0,2,0,1,0,2,1,1,4,1,1,0,0,0,5,0,1,0,0,0,1,1,0,0,0,1,2,1,2,0,0,0,0,1,0,1,421,Cyprus
DEFENSE and SECURITY (Russia),121,1,2,2,0,2,0,0,6,0,1,4,2,0,3,0,0,4,0,1,0,0,0,0,1,5,0,0,0,0,0,0,0,0,0,0,0,0,0,0,3,0,2,1,1,0,0,0,0,0,0,0,1,0,0,0,0,0,0,0,0,1,0,0,164,Europe
Daily Californian: University of California - Berkeley,51,0,0,1,0,0,0,0,0,0,4,0,1,0,0,0,3,0,0,1,0,1,1,0,0,0,0,3,0,0,1,2,1,0,0,1,0,0,0,0,0,0,0,1,0,0,1,1,1,1,0,0,0,0,0,0,0,0,0,0,0,0,0,0,76,US
Daily Collegian: Pennsylvania State University,31,0,1,0,1,2,0,4,0,0,4,0,0,0,0,0,1,1,0,0,0,2,1,0,0,0,0,0,0,0,0,2,0,0,0,0,0,0,0,4,0,0,0,0,0,0,0,0,0,0,0,0,0,0,0,0,0,0,0,0,0,0,0,0,54,US
Daily Independent (Nigeria),589,2,3,10,6,16,3,4,10,0,5,10,0,4,0,0,3,5,2,6,2,1,0,0,3,4,0,0,0,5,8,0,0,5,1,2,2,1,4,2,2,0,2,0,3,2,5,0,5,0,0,0,0,3,2,1,1,0,5,2,0,3,0,1,755,Nigeria
Daily Mirror,2100,2,53,50,37,48,15,6,11,0,8,2,25,0,2,0,19,4,13,6,9,6,5,20,11,8,75,14,7,6,0,10,6,0,13,7,9,15,4,0,0,38,0,4,1,14,7,4,7,9,0,0,5,12,4,6,7,0,2,5,4,4,5,9,2773,Europe
Daily News (New York),771,10,13,3,21,3,4,20,2,0,20,0,5,10,2,0,3,6,7,2,2,8,11,6,2,0,0,3,9,1,3,4,2,1,1,5,0,5,3,8,0,5,0,18,1,2,0,1,3,6,0,0,0,1,2,1,6,1,1,1,2,3,3,2,1035,US
Daily News (South Africa),162,1,0,3,2,3,5,1,0,0,0,0,2,0,1,0,2,2,1,0,0,0,1,2,0,1,0,0,0,1,0,0,2,1,1,0,6,1,1,0,1,3,0,1,0,1,0,0,1,0,0,0,0,1,2,2,1,0,2,4,0,0,1,0,222,South Africa
Daily News Egypt,215,8,0,4,3,2,24,0,2,0,1,0,1,1,4,0,1,6,0,4,0,0,0,1,8,3,0,2,0,3,0,0,3,1,1,0,2,2,0,0,2,0,0,0,1,2,2,0,0,0,0,0,0,1,0,0,0,0,0,3,1,0,0,2,316,MENA
Daily Post (North Wales),131,2,4,0,0,1,4,3,0,0,2,0,0,0,0,0,0,0,0,0,0,0,3,0,0,2,3,0,1,0,0,2,2,3,0,4,0,0,0,0,0,1,2,2,0,0,1,1,1,2,0,0,0,0,0,0,0,0,0,1,1,0,0,0,179,Europe
Daily Record and Sunday Mail,503,5,10,15,9,8,2,2,2,0,1,2,3,0,1,0,12,2,4,0,2,0,5,17,4,2,23,2,1,1,0,1,1,1,3,1,1,7,1,1,1,20,0,0,0,4,6,1,1,1,0,0,0,8,0,0,3,0,0,2,0,3,1,1,707,Europe
Daily Skiff: Texas Christian University,34,1,2,0,0,0,2,0,0,0,0,0,0,0,0,0,1,0,2,0,0,0,0,0,0,0,0,0,0,0,0,0,0,0,0,0,0,0,0,0,0,0,0,0,0,0,0,0,0,0,0,0,0,0,0,0,1,0,0,0,0,0,0,0,43,US
Daily Targum: Rutgers University,168,0,6,1,1,11,0,0,0,0,0,0,0,0,0,0,0,1,0,2,1,0,2,1,0,0,0,1,0,1,1,1,1,0,0,1,0,1,0,1,1,0,0,0,0,4,0,0,0,0,0,0,1,0,2,2,0,0,0,0,0,0,2,4,218,US
Daily Times (PK),150,0,0,9,0,2,0,0,8,0,0,1,0,0,0,0,0,1,0,0,0,1,0,0,0,9,0,0,0,2,0,0,0,0,0,1,2,2,0,0,0,1,1,0,2,3,0,0,0,0,0,0,0,0,8,1,0,9,0,0,0,1,0,0,214,Pakistan
Daily Trojan: University of Southern California,51,0,2,0,1,0,0,1,0,0,0,0,0,0,1,0,1,0,0,1,0,0,1,1,0,0,0,0,0,0,0,1,1,2,0,0,0,0,0,0,0,0,0,1,0,0,0,1,0,0,0,0,0,0,0,0,0,0,0,0,1,0,0,0,67,US
Dawn (Pakistan),480,8,4,4,2,7,6,6,6,0,4,1,2,0,3,0,3,1,1,5,5,2,1,2,3,4,0,2,0,6,0,1,0,0,1,2,10,1,1,2,3,2,0,0,3,4,1,0,7,1,0,0,2,0,1,2,2,0,5,1,0,2,0,1,623,Pakistan
Die Welt (English),728,9,2,29,4,6,5,13,31,0,1,6,0,5,4,18,0,1,4,0,0,2,1,0,0,11,6,3,1,2,2,0,0,1,0,2,3,1,1,4,6,0,4,1,12,4,0,0,1,3,2,1,0,1,4,5,1,0,2,0,0,5,1,1,960,Europe
Die Welt am Sonntag (English),754,23,37,1,9,4,2,16,1,0,4,2,2,9,2,0,2,2,3,4,4,6,1,5,0,4,5,5,5,2,15,6,0,2,6,2,2,0,2,4,3,3,2,5,1,3,4,13,0,6,0,2,2,2,0,0,3,0,3,0,0,2,12,0,1019,Europe
East Anglian Daily Times,160,8,0,0,4,0,2,0,0,0,1,0,1,0,5,0,4,2,0,0,0,2,0,0,0,0,3,0,0,2,0,0,0,3,0,0,0,3,0,0,0,0,0,2,0,0,0,0,0,0,0,0,0,0,0,0,0,0,0,0,0,0,0,0,202,Europe
Eastern Daily Press,142,8,0,0,4,0,2,0,0,0,0,0,1,0,5,0,3,2,0,0,0,2,0,0,0,0,3,0,0,2,0,0,0,3,0,0,0,3,0,0,0,0,0,2,0,0,0,0,0,0,0,0,0,0,0,0,0,0,0,0,1,0,0,0,183,Europe
Economic Times (E-Paper Edition),901,107,8,31,0,5,0,0,26,0,4,64,0,20,5,0,0,0,14,0,4,0,0,0,0,0,0,0,0,0,0,0,0,0,0,0,0,0,0,0,0,0,2,0,8,0,1,0,4,13,0,0,0,1,0,0,0,0,0,0,0,8,0,1,1227,India
Edmonton Journal (Alberta),462,0,6,2,2,5,0,14,1,0,6,0,0,0,0,0,0,4,0,3,3,3,7,2,0,0,7,3,4,0,0,7,0,1,1,1,2,1,2,5,0,2,0,0,0,2,0,2,3,4,3,0,4,0,1,1,0,0,1,1,1,0,0,0,579,Canada
Edmonton Sun,542,0,18,6,0,5,1,5,0,0,6,1,0,7,0,0,1,0,2,8,1,4,6,1,0,0,12,5,0,5,4,3,0,4,0,4,0,0,4,4,3,1,1,1,0,4,1,0,1,0,0,0,0,1,0,1,0,0,3,0,0,1,1,0,678,Canada
Egypt Independent,1010,3,18,15,30,8,35,5,15,0,10,3,24,1,8,0,14,17,14,3,4,5,1,8,14,4,0,0,7,2,4,0,5,6,9,5,2,6,0,4,5,5,5,3,8,3,7,5,4,0,0,0,1,3,4,1,4,0,1,13,7,1,1,3,1403,MENA
Express and Star,168,0,0,2,2,1,1,3,0,0,1,0,1,0,0,0,0,1,1,1,0,1,1,0,2,1,7,0,0,2,0,1,3,2,1,1,0,0,1,1,0,0,0,0,0,1,0,2,0,0,0,0,0,3,0,0,0,0,0,4,0,0,0,1,217,Europe
"Financial Times (London, England)",4656,151,23,147,30,25,53,10,76,0,8,106,86,3,27,0,40,15,14,8,16,13,4,13,7,51,67,1,0,36,2,5,17,0,4,4,26,34,15,5,22,10,12,1,13,14,9,5,17,1,0,0,15,1,28,25,1,0,8,9,0,12,9,33,6043,Europe
Free Press Journal (India),516,58,4,3,0,6,1,2,3,0,4,6,1,3,2,0,1,2,5,0,1,4,0,1,0,1,0,1,2,1,1,0,1,3,3,1,4,5,1,2,1,2,0,0,0,0,1,1,4,0,0,0,2,1,3,2,0,0,5,0,0,2,0,0,673,India
Future News - Media Planner,56,28,1,0,0,0,0,0,0,0,0,0,0,0,4,0,0,0,0,0,1,0,0,0,0,1,0,0,0,0,0,0,0,0,0,0,0,1,1,0,1,0,0,0,0,0,0,0,0,0,0,0,0,0,1,0,0,0,0,0,0,0,0,0,95,--
Gator Times: University of Florida,33,0,2,0,1,0,0,0,0,0,1,0,0,0,0,0,1,1,0,0,0,0,1,0,0,0,0,0,0,1,0,0,0,0,0,1,0,0,0,0,0,0,0,0,0,0,0,0,0,0,0,0,0,0,0,0,0,0,0,0,0,0,0,0,42,US
Global Times (China),1615,18,36,68,27,14,32,4,76,0,6,14,22,2,11,0,1,21,5,3,0,8,1,0,9,54,0,0,0,12,15,0,8,10,7,0,12,21,8,0,11,1,13,0,18,9,2,3,2,2,0,0,8,4,13,1,0,0,17,6,6,10,0,23,2289,China
Globes,220,13,0,6,0,0,2,0,7,0,0,13,0,2,2,0,0,0,12,0,0,2,0,0,0,2,0,0,0,0,1,0,0,0,0,0,0,0,0,0,0,0,4,0,2,0,0,0,7,0,0,0,0,0,0,0,0,0,0,0,0,2,0,0,297,Israel
Gulf Times,444,5,0,4,10,13,24,1,4,0,4,0,20,0,1,0,2,7,2,0,0,0,2,1,6,2,0,2,0,1,0,1,1,5,3,2,3,2,0,0,7,4,0,2,1,1,1,0,0,0,0,0,0,3,3,1,0,0,2,4,2,0,1,1,605,MENA
Haaretz (English),3245,13,50,48,60,45,38,31,22,0,52,5,11,19,42,0,23,23,16,17,20,14,16,14,15,35,0,13,11,14,15,14,16,24,34,14,14,11,30,9,16,9,22,12,9,5,20,16,12,9,0,0,8,0,14,9,13,0,10,4,2,5,10,9,4307,Israel
Herald Sun (Australia),438,2,1,2,7,2,7,6,0,0,4,2,0,0,2,0,1,8,1,9,6,2,7,4,0,0,0,5,0,2,0,2,0,0,1,7,0,0,1,3,0,1,0,1,0,1,0,2,1,4,0,0,4,0,0,4,0,0,1,3,0,3,0,0,557,Australia
Hindustan Times,3703,37,55,41,46,34,37,24,20,0,26,12,32,24,21,0,14,17,20,17,17,16,11,11,16,19,0,17,7,10,16,10,10,19,16,19,11,20,16,14,18,28,12,11,7,11,9,16,9,7,5,0,14,12,7,7,17,201,9,4,2,17,7,6,4891,India
Hindustan Times Lucknow,290,8,1,8,2,6,2,1,8,0,1,10,0,2,2,0,2,0,1,1,1,2,0,2,4,9,0,0,2,1,0,0,1,1,0,2,0,2,1,0,3,0,2,0,2,1,1,1,0,0,0,0,1,1,3,1,0,18,4,2,0,9,0,0,422,India
HÃ¼rriyet Daily News,585,2,6,7,21,5,5,0,3,0,3,0,9,0,4,0,4,5,2,5,2,0,2,2,7,1,0,0,0,0,2,0,5,4,6,1,2,4,0,0,0,1,9,1,3,3,1,1,1,1,3,0,0,6,4,3,0,0,0,9,5,0,1,0,756,MENA
India Weekly,476,2,6,2,4,7,7,8,3,0,1,0,0,1,3,0,3,4,7,0,3,2,1,5,2,0,0,1,0,1,1,1,5,4,3,4,0,2,3,0,3,2,1,0,0,2,4,0,2,0,0,0,0,1,2,0,1,0,2,1,1,2,3,0,599,India
Indian Express,2907,88,36,27,31,31,16,21,16,0,35,34,6,28,23,0,3,13,24,5,12,5,2,7,15,13,0,3,6,7,35,5,9,24,7,2,11,7,6,2,27,4,29,16,20,4,10,7,18,8,3,0,9,6,8,12,6,0,5,3,1,5,7,12,3742,India
Indian eGov Newswire,1553,16,63,20,7,19,13,16,17,0,11,11,0,16,9,1,0,1,5,13,28,7,2,0,11,6,0,5,2,5,22,4,5,23,1,11,9,6,2,2,5,2,16,2,13,7,7,4,7,3,0,4,1,0,4,0,4,41,3,1,0,1,3,4,2074,India
Intellinews - Iran Today,130,14,0,8,0,0,1,0,11,0,0,4,1,0,1,0,0,0,0,0,0,0,0,0,0,1,0,1,0,0,0,0,1,0,0,0,0,1,0,0,1,0,5,0,2,0,0,0,0,0,0,0,0,0,1,0,0,0,0,1,0,0,0,1,185,MENA
Iraq News Gazette,200,0,0,4,5,1,4,1,1,0,0,1,4,0,4,1,0,6,3,3,1,0,0,0,0,5,0,1,0,1,1,0,0,0,0,1,1,3,1,1,3,0,4,0,4,0,0,0,1,1,0,0,0,0,2,0,0,0,0,0,1,0,0,0,270,MENA
Irish Examiner,1350,30,23,17,42,24,4,11,20,0,3,23,13,6,10,0,10,4,7,7,5,10,1,5,4,9,30,8,1,11,3,0,3,2,8,2,11,4,4,5,10,5,6,3,2,12,5,4,6,5,1,0,3,2,3,4,1,0,5,2,3,5,5,1,1823,Europe
Irish Independent,656,17,13,19,15,13,10,6,5,0,0,4,2,1,4,0,1,2,2,7,4,7,4,2,2,4,15,0,0,1,0,0,6,3,3,3,7,4,0,2,5,1,2,3,2,1,2,0,0,2,1,0,5,1,0,1,1,0,2,2,0,4,0,4,883,Europe
Jerusalem Post,3671,29,96,95,33,36,37,39,43,0,51,11,4,11,33,0,5,16,18,23,9,8,11,7,8,49,60,10,410,10,21,21,15,33,21,12,18,13,19,20,38,5,10,15,25,25,23,12,14,8,5,1,6,6,11,6,16,0,8,3,2,5,3,18,5291,Israel
L' Orient Today,747,4,2,51,10,7,15,1,17,0,0,1,7,1,10,0,4,19,1,0,1,6,0,3,4,11,0,0,1,1,2,0,0,7,0,2,2,3,2,0,2,3,4,0,5,2,5,1,2,0,0,0,1,1,2,2,2,0,1,2,1,2,2,2,984,MENA
Las Positas College Express: Las Positas College,26,0,1,0,0,0,0,2,0,0,0,0,1,0,0,0,0,0,0,0,0,1,1,0,0,0,0,1,0,0,0,0,0,0,0,0,0,0,0,1,0,0,0,0,0,0,0,0,0,2,0,0,0,0,0,0,0,0,0,0,0,0,0,0,36,US
London Free Press,197,0,1,1,0,4,0,3,1,0,5,0,0,0,0,0,3,1,0,0,3,1,2,0,0,0,5,1,2,0,1,0,0,0,2,0,2,0,0,0,0,0,0,0,0,0,1,0,0,0,0,0,0,0,1,1,1,0,1,0,0,0,0,0,240,Canada
Ludwig Von Mises Institute Of Canada,17,0,0,2,0,1,0,0,2,0,0,4,0,0,0,0,0,0,0,0,0,0,0,0,0,1,0,0,0,0,0,0,0,0,0,0,0,0,0,0,0,0,0,0,0,0,0,0,0,0,0,0,0,0,0,0,0,0,0,0,0,0,0,0,27,Canada
MINT,2614,720,27,71,22,13,27,6,50,0,8,178,19,7,21,0,6,22,27,7,11,2,5,2,4,4,0,6,3,3,3,3,3,10,4,7,3,13,7,2,3,2,15,2,9,4,1,6,8,8,3,0,3,7,2,3,3,158,5,5,4,5,1,1,4198,India
Macdonald-Laurier Institute For Public Policy,141,2,3,2,0,0,0,0,3,0,1,4,0,0,0,0,0,0,0,0,1,0,0,0,0,0,0,0,1,0,0,1,0,0,0,0,2,0,0,1,1,0,1,0,2,1,0,1,1,2,0,0,1,0,0,0,0,0,2,0,0,2,0,1,177,Canada
Mail on Sunday (London),2074,25,43,11,23,51,11,8,17,0,12,12,5,7,5,0,20,11,11,15,5,10,18,14,13,4,52,13,4,8,25,8,12,13,15,17,8,7,9,5,4,24,0,9,3,9,7,12,3,9,2,0,4,2,5,5,2,0,1,9,6,0,18,1,2756,Europe
MailOnline,13739,138,183,120,298,261,136,115,68,0,150,31,123,75,92,1,160,104,82,108,83,84,131,56,56,18,1,154,32,68,67,91,71,46,53,99,50,47,56,83,24,83,32,63,15,47,28,56,42,67,2,0,22,61,40,24,40,0,26,29,41,18,48,15,18153,Europe
Manawatu Standard (New Zealand),545,0,7,1,2,0,6,0,2,0,1,0,1,0,3,2,4,0,1,0,0,4,0,1,4,0,0,0,0,0,2,0,0,1,0,0,0,0,1,1,0,0,0,2,0,1,4,4,0,3,13,0,1,0,0,0,0,0,0,0,3,0,0,0,620,New Zealand
Manila Bulletin,808,17,22,16,2,5,15,5,3,0,12,4,2,2,2,0,8,0,7,1,9,4,0,1,3,6,0,0,1,0,4,1,5,20,6,1,1,2,0,1,0,0,7,4,1,4,6,0,4,1,0,0,2,0,0,1,8,62,0,2,0,3,2,4,1107,Philippines
Mehr News Agency (MNA),80,2,0,2,1,0,1,0,3,0,1,0,1,0,2,0,1,4,2,0,0,0,0,0,0,2,0,1,0,1,2,0,1,0,0,0,0,1,1,0,0,0,0,0,0,0,0,0,0,0,0,0,0,0,0,0,0,0,0,0,3,0,0,0,112,MENA
Metro (UK),266,0,2,2,18,0,4,1,2,0,2,0,4,0,0,0,8,12,0,6,0,0,0,0,6,0,12,0,0,0,0,0,4,2,0,0,0,4,3,2,2,2,0,0,0,2,4,0,0,0,0,0,0,0,0,1,0,0,0,4,6,0,0,0,381,Europe
Michigan Daily: University of Michigan-Ann Arbor,160,0,14,0,2,4,0,8,0,0,6,0,1,3,0,0,0,4,0,4,2,4,3,2,0,0,0,1,4,2,8,2,2,0,0,0,0,0,0,4,0,0,0,0,0,0,2,0,0,2,0,0,2,2,0,0,0,0,0,0,0,1,0,0,249,US
Minnesota Daily: University of Minnesota,86,0,5,0,0,0,0,3,0,0,2,0,0,1,0,0,0,0,0,0,0,0,4,1,0,0,0,0,1,0,1,1,2,0,0,3,0,1,2,2,0,0,0,1,0,0,0,2,0,2,0,0,0,0,0,0,0,0,0,0,0,0,0,0,120,US
Mississippi Center For Public Policy,32,0,0,0,2,1,0,0,0,0,0,0,0,0,0,0,0,0,0,0,0,0,0,0,0,1,0,0,0,1,0,0,0,0,0,0,0,0,0,0,1,0,0,0,1,0,0,0,0,0,0,0,0,0,1,1,0,0,0,0,0,0,0,0,41,US
NAFTA (English),643,116,0,30,2,24,4,0,39,0,0,47,2,0,13,0,0,1,4,0,1,2,0,0,0,5,0,0,0,0,0,0,0,0,0,0,2,2,0,0,7,0,3,1,2,4,0,0,2,0,0,0,1,1,4,0,0,0,3,0,0,0,0,4,969,North America
National Center For Public Policy Research,22,0,9,0,0,1,0,3,0,0,0,0,0,0,0,0,0,0,0,1,1,0,1,0,1,0,0,0,0,0,0,0,0,0,0,1,1,0,0,2,0,0,0,0,0,0,0,0,0,0,0,0,0,0,0,0,0,0,0,0,0,0,0,0,43,US
National Iraqi News Agency (NINA),379,2,0,1,6,1,3,1,4,0,0,1,4,0,4,1,0,5,3,3,0,0,0,0,0,7,0,1,0,0,1,0,0,0,0,0,1,1,0,2,4,0,4,0,4,0,0,0,1,1,0,0,0,2,1,0,0,0,0,3,1,1,0,1,454,MENA
National Post (f/k/a The Financial Post) (Canada),1998,85,22,23,6,25,12,27,22,0,22,10,1,7,10,0,4,7,5,10,15,10,11,9,1,13,18,14,10,6,11,17,1,7,1,6,4,7,14,14,6,1,3,11,7,6,1,9,8,7,7,0,12,1,14,10,4,0,5,2,3,5,6,9,2622,Canada
National World,751,6,8,5,11,10,16,5,1,0,5,0,7,9,8,0,11,11,8,6,4,7,9,6,7,0,37,6,1,0,4,1,4,4,7,6,1,8,2,5,1,1,2,1,0,0,6,5,3,6,0,0,2,6,2,2,0,0,7,0,1,0,4,4,1050,Europe
Nepal Weekly,350,2,2,0,3,7,7,7,1,0,1,0,0,1,0,0,3,2,4,0,1,2,1,3,1,0,0,1,0,0,1,1,5,4,3,2,0,0,2,0,0,2,0,0,0,2,2,0,2,0,0,0,0,1,1,0,1,0,0,0,0,2,2,0,432,Nepal
New Straits Times (Malaysia),169,4,2,0,4,1,1,4,2,0,1,2,0,1,0,0,2,0,1,0,5,0,0,0,4,0,0,0,2,0,0,0,0,3,0,1,0,4,1,0,4,0,0,1,0,0,1,0,0,1,0,0,0,0,0,3,0,0,0,0,2,0,0,0,226,Malaysia
Niagara Falls Review (Ontario),439,5,5,7,5,1,6,7,5,0,5,10,3,1,2,0,2,4,4,1,0,2,1,3,1,2,0,0,0,0,2,1,1,0,3,1,0,1,2,2,1,2,0,3,2,2,0,2,1,2,1,0,2,2,2,0,0,0,1,1,1,0,0,0,559,Canada
Niagara Falls Review (Ontario) Online,1119,2,11,2,5,16,11,5,0,0,8,0,1,9,1,0,1,5,6,1,1,0,8,3,1,0,0,3,4,3,2,5,5,0,1,1,1,0,2,0,1,4,1,0,1,2,1,0,0,2,11,0,2,1,1,2,3,0,3,0,0,0,2,0,1280,Canada
Nigerian Tribune,217,0,0,2,3,5,14,0,4,0,2,1,2,1,4,0,0,1,2,0,1,0,0,0,0,3,0,0,1,1,2,1,0,1,2,2,1,1,1,3,3,1,1,0,1,3,0,0,0,2,0,0,0,3,1,2,1,0,1,0,0,0,1,0,298,Nigeria
Old Gold and Black: Wake Forest University,52,0,2,0,0,0,0,0,0,0,2,0,0,0,0,0,0,0,0,0,0,0,0,0,0,0,0,0,3,0,0,2,1,1,0,0,0,0,0,2,0,0,0,1,0,0,0,0,1,1,0,0,0,0,0,0,0,0,0,0,0,0,0,0,68,US
Ottawa Citizen,1230,14,75,5,5,14,7,26,1,0,9,7,0,2,0,0,3,2,10,3,16,5,7,1,0,0,11,6,5,2,3,12,4,8,5,3,4,1,7,13,0,0,0,18,0,0,1,10,8,8,7,0,4,0,3,1,5,0,3,0,0,1,1,0,1596,Canada
Ottawa Sun,425,1,23,3,1,6,4,1,0,0,3,2,0,6,0,0,0,0,3,3,3,4,2,0,0,0,13,1,0,5,4,4,1,2,1,1,1,0,3,4,0,0,0,4,0,0,0,5,1,1,0,0,2,0,0,1,1,0,2,0,0,1,0,0,548,Canada
Pakistan Observer,461,0,2,19,4,10,2,2,9,0,1,1,4,1,1,0,1,1,0,4,0,1,1,0,0,10,0,1,0,4,0,5,0,0,0,2,6,2,1,3,10,1,14,0,5,0,0,0,3,1,0,2,0,1,2,3,0,0,2,1,0,1,1,5,611,Pakistan
Pakistan Today,259,1,0,8,0,1,1,1,7,0,1,0,1,0,0,0,0,1,0,1,1,0,0,0,0,9,0,0,0,1,1,0,0,0,0,1,2,3,0,2,14,0,1,0,3,0,1,0,2,0,0,0,1,1,1,2,0,0,1,1,0,1,0,5,336,Pakistan
Pakistan Weekly,337,2,2,0,3,7,7,6,1,0,1,0,0,1,0,0,3,1,4,0,1,2,1,3,1,0,0,1,0,0,1,1,5,4,3,2,0,0,2,0,0,2,0,0,0,2,2,0,2,0,0,0,0,1,1,0,1,0,0,0,0,2,2,0,417,Pakistan
Philippines Daily Inquirer,546,108,3,21,1,2,12,2,20,0,0,34,2,2,2,0,4,2,1,2,1,0,1,2,1,0,0,0,1,0,1,0,1,4,1,1,1,1,0,1,0,2,3,0,1,1,0,1,1,0,1,0,0,3,2,1,4,0,1,2,1,2,0,0,807,Philippines
Pipe Dream: SUNY at Binghamton,47,0,0,0,0,1,0,2,0,0,4,0,2,0,0,0,0,1,0,2,0,1,1,0,0,0,0,3,0,0,0,0,0,0,0,2,0,0,0,3,0,0,2,1,0,1,0,0,0,0,0,0,0,0,0,0,0,0,0,0,0,0,0,0,73,US
Pittsburgh Post-Gazette,576,1,14,1,4,10,0,12,4,0,4,0,1,4,0,0,4,1,0,5,3,0,5,6,0,0,11,1,15,8,2,12,0,0,4,5,1,0,2,9,0,5,0,4,0,4,1,1,2,2,0,39,3,0,1,4,9,0,0,0,0,2,1,0,803,US
Postmedia Breaking News,3357,95,97,16,17,33,17,39,14,0,49,14,4,19,5,0,6,5,10,17,23,20,28,25,8,6,0,43,13,6,19,21,15,18,6,9,8,10,14,19,3,10,1,23,3,7,1,12,10,17,32,0,7,1,7,5,9,0,8,0,2,3,7,7,4300,Canada
Qatar Tribune,43,0,0,0,1,0,6,0,0,0,0,0,4,0,1,0,0,2,1,0,0,0,0,0,1,0,0,0,0,0,0,0,1,3,0,0,0,0,0,0,0,0,0,0,0,0,0,0,0,0,0,0,0,1,0,0,0,0,0,1,1,0,0,0,66,MENA
Red Deer Advocate,198,0,2,8,3,0,6,1,3,0,1,0,2,0,2,0,1,3,0,3,0,0,2,3,1,1,0,0,2,0,0,2,2,0,0,0,0,1,0,0,0,0,0,3,1,0,1,0,0,0,1,1,0,4,0,0,2,0,0,3,1,0,1,1,266,Canada
Saudi Arabia News Gazette,165,0,0,5,2,2,9,0,3,0,1,3,3,1,3,0,0,1,0,0,0,1,2,0,2,3,0,0,0,2,0,0,0,0,0,0,2,3,1,0,2,0,0,0,3,3,0,0,0,0,1,0,0,1,0,1,0,0,0,0,1,0,2,0,228,MENA
Scotsman,825,1,2,11,20,13,7,6,6,0,3,4,12,2,4,0,12,3,1,6,0,3,1,6,13,2,27,2,3,5,1,1,10,2,3,3,3,2,2,1,2,3,1,8,1,3,8,2,3,0,0,0,3,4,1,2,4,0,1,2,1,3,2,3,1085,Europe
Scottish Daily Mail,1019,16,39,11,18,16,7,4,18,0,10,11,2,5,4,0,11,6,4,4,1,3,3,8,5,1,26,5,2,1,15,0,7,8,10,1,3,4,4,3,3,11,0,2,2,5,2,8,1,2,0,0,0,0,3,3,0,0,1,3,5,1,9,0,1376,Europe
Scottish Express,359,0,8,7,1,5,3,4,2,0,5,0,1,1,0,0,7,2,0,5,2,3,0,12,4,1,13,6,3,3,3,1,2,1,2,4,3,2,1,2,0,3,1,1,0,4,1,0,0,1,0,0,0,0,0,0,2,0,1,0,0,2,0,0,494,Europe
Shropshire Star,155,0,0,2,2,0,1,0,0,0,0,0,1,0,0,0,0,1,1,0,0,0,0,0,2,1,6,0,0,2,0,0,2,2,2,0,0,0,1,0,0,0,0,0,0,1,0,2,0,0,0,0,0,3,0,0,0,0,0,4,0,0,0,1,192,Europe
Siasat Daily (India),595,6,2,9,15,7,11,7,6,0,4,0,20,4,8,0,7,11,9,2,1,1,0,2,10,1,0,3,12,0,0,1,0,2,1,0,0,17,4,1,0,0,2,0,2,4,1,0,0,3,0,0,2,12,3,2,1,38,0,10,2,2,0,0,863,India
South China Morning Post,627,13,0,20,8,11,9,2,11,0,4,14,5,0,15,0,2,0,4,4,4,5,0,1,1,10,0,0,0,3,1,0,1,7,0,3,5,4,3,1,11,1,8,0,17,2,5,0,5,0,0,0,2,0,6,2,1,0,1,1,2,0,0,5,867,China
South Wales Echo,163,3,0,0,0,1,6,1,0,0,2,0,0,0,0,0,0,0,0,0,0,0,0,0,0,2,2,0,0,0,0,0,4,6,0,2,0,0,0,0,0,2,2,0,0,0,1,1,2,4,0,0,0,0,0,0,0,0,0,2,1,0,0,0,207,Europe
SriLanka Weekly,336,2,2,0,3,7,7,6,1,0,1,0,0,1,0,0,3,2,4,0,1,2,1,3,1,0,0,1,0,0,1,1,5,4,3,2,0,0,2,0,0,2,0,0,0,2,2,0,2,0,0,0,0,1,1,0,1,0,0,0,0,2,2,0,417,Sri Lanka
"Sunday Age (Melbourne, Australia)",71,0,0,0,0,1,0,0,0,0,3,0,0,0,0,0,2,0,0,1,1,0,4,0,0,0,0,2,0,0,0,2,0,0,0,0,0,1,0,3,0,2,0,0,0,1,0,0,0,0,0,0,0,0,0,0,0,0,0,0,0,0,0,0,94,Australia
Sunday Trust,515,4,0,5,6,9,1,0,7,0,5,11,11,1,1,0,1,4,0,1,0,0,1,0,2,0,0,2,3,1,0,2,0,1,3,2,5,1,0,1,2,0,1,0,2,7,2,2,3,2,0,0,3,1,0,1,0,0,0,0,0,1,0,0,633,Nigeria
Sydney Morning Herald (Australia),766,16,38,19,4,18,6,11,14,0,9,13,3,7,4,0,4,4,2,9,3,11,12,1,3,6,0,8,0,5,0,9,1,3,0,6,8,1,5,2,4,1,2,2,2,3,0,0,4,3,0,0,4,0,4,1,0,0,1,2,1,1,0,4,1070,Australia
Taranaki Daily News (New Zealand),545,0,7,1,2,0,6,0,2,0,1,0,1,0,3,2,4,0,1,0,0,4,0,1,4,0,0,0,0,0,2,0,0,1,0,0,0,0,1,1,0,0,0,2,0,1,4,4,0,3,13,0,1,0,0,0,0,0,0,0,3,0,0,0,620,New Zealand
Tasnim News Agency (English),371,0,0,5,8,0,15,0,1,0,0,0,15,0,0,0,2,9,1,3,0,0,0,0,5,0,0,3,0,6,0,0,1,0,0,1,7,3,0,0,4,1,4,0,2,2,0,0,0,1,0,0,0,8,0,2,0,0,0,4,0,0,0,2,486,MENA
Tehran Times,270,2,0,13,4,1,2,1,1,0,0,1,5,2,3,0,2,0,0,4,0,0,0,0,2,5,0,1,0,3,0,0,0,0,0,3,2,0,1,1,0,1,1,0,2,1,0,0,0,1,0,0,0,0,1,4,0,0,1,0,2,0,0,2,345,MENA
"Telegraph Herald (Dubuque, IA)",850,8,26,10,38,5,11,1,6,0,3,7,7,8,12,1,4,2,5,8,3,1,0,6,12,4,0,3,2,2,3,1,6,3,10,1,1,3,1,1,2,3,9,0,1,2,1,0,1,5,1,0,6,6,4,4,0,0,1,6,3,0,6,0,1136,US
Texas Public Policy Foundation,36,0,0,0,0,0,0,0,2,0,0,0,0,0,0,0,0,0,1,1,0,0,0,0,0,0,0,0,0,0,0,0,0,0,0,0,0,1,0,0,0,0,1,0,0,0,0,0,1,0,0,0,0,0,0,0,0,0,0,0,0,0,0,0,43,US
The Advertiser (Australia),305,0,6,3,3,3,3,7,2,0,2,0,1,0,1,0,8,2,2,2,2,1,4,4,0,0,0,3,0,0,2,1,0,6,0,2,1,0,2,1,1,0,0,1,0,2,4,2,0,1,0,0,0,0,0,2,2,0,0,0,6,0,2,0,402,Australia
"The Age (Melbourne, Australia)",968,16,33,19,6,21,11,14,6,0,17,11,6,5,3,0,11,9,8,8,1,6,3,4,6,6,0,7,6,7,2,3,12,3,3,8,10,5,3,1,5,6,2,2,3,3,4,1,1,2,0,0,2,2,6,2,3,0,3,2,3,2,1,3,1326,Australia
The Albany Student Press: SUNY at Albany,52,1,0,0,0,0,0,5,0,0,0,0,0,1,0,0,0,0,0,0,3,0,1,0,0,1,0,0,0,0,0,1,0,2,0,0,0,0,0,1,0,1,0,0,0,0,1,0,0,0,0,0,1,0,0,0,0,0,0,0,0,0,0,0,71,US
The Alestle: Southern Illinois University - Edwardsville,14,0,1,0,0,0,0,0,0,0,0,1,0,0,3,0,0,0,0,0,0,0,0,0,0,0,0,0,0,0,0,0,0,0,0,0,0,0,0,0,1,0,0,0,0,1,0,0,0,0,0,0,0,0,0,0,0,0,0,0,0,0,0,0,21,US
The Atlanta Journal-Constitution,400,5,11,4,16,2,2,23,4,0,13,2,3,1,2,0,1,0,4,1,0,3,2,9,1,0,0,2,7,1,3,7,5,1,1,0,1,0,0,2,0,9,4,7,0,0,6,2,3,0,0,0,1,2,1,0,5,0,0,1,0,0,2,0,582,US
The Australian,1424,39,44,35,22,37,0,23,14,0,18,21,1,16,5,0,7,2,4,11,5,13,18,9,0,11,0,21,2,13,3,24,7,2,7,6,12,5,3,16,3,6,3,7,11,7,7,2,9,10,1,0,5,3,2,9,2,0,7,0,1,2,2,5,2004,Australia
The Balochistan Times (AsiaNet),393,4,0,3,2,14,9,1,5,0,3,2,1,0,2,0,1,2,0,10,4,1,0,0,4,2,0,0,0,1,0,0,2,2,0,5,3,0,1,0,4,0,3,1,6,3,0,0,0,2,0,0,1,2,5,1,0,0,2,0,0,1,0,2,510,MENA
The Baltimore Sun,899,5,6,10,14,13,4,0,13,0,4,5,3,8,8,0,2,6,7,1,7,5,1,2,14,2,0,3,1,9,2,0,3,1,4,1,8,1,4,7,3,0,6,1,6,5,3,3,0,0,1,0,0,2,1,7,2,0,2,3,3,3,0,4,1138,US
The Bangkok Post (Thailand),560,30,6,3,24,4,34,0,3,0,6,15,1,1,3,0,2,6,18,0,0,0,0,3,3,1,0,0,0,2,3,0,1,23,11,0,0,0,1,0,0,3,0,3,2,2,3,0,4,0,0,0,0,1,1,1,8,0,1,2,1,0,1,1,798,Thailand
The Bates Student: Bates College,15,0,0,0,0,0,0,1,0,0,0,0,0,0,0,0,0,0,0,0,0,0,0,0,0,0,0,0,0,0,1,0,0,0,0,0,0,0,0,0,0,0,0,0,0,0,0,0,0,0,0,0,0,0,0,0,0,0,0,0,0,0,0,0,17,US
The Bismarck Tribune,534,0,2,15,5,4,6,2,1,0,4,0,5,1,7,0,10,5,0,3,3,5,0,0,1,2,0,2,0,5,0,1,5,0,5,3,2,3,2,0,0,1,2,2,0,0,0,0,2,1,0,0,0,5,0,2,0,0,0,2,2,3,3,0,668,US
The Breeze: James Madison University,34,0,2,0,1,0,0,2,0,0,0,0,0,0,0,0,0,0,0,0,0,0,1,1,0,0,0,0,3,0,1,2,0,0,0,0,0,0,0,1,0,1,0,2,0,0,0,1,0,0,0,0,0,0,0,0,0,0,0,0,0,0,0,0,52,US
The Brown Daily Herald: Brown University,119,0,10,0,0,0,0,2,0,0,4,0,0,0,0,0,2,2,0,2,2,0,2,6,0,0,0,0,0,0,0,0,2,0,0,0,0,2,0,0,0,3,0,0,0,0,0,0,0,0,0,0,0,0,0,0,0,0,0,0,0,0,4,0,162,US
The Calgary Herald (Alberta),1146,0,12,3,7,11,3,8,1,0,6,0,5,3,0,0,4,4,1,6,7,10,8,4,4,1,7,10,3,4,4,7,6,6,4,1,3,9,2,9,0,5,0,4,0,1,1,2,2,4,6,0,1,0,1,2,2,0,6,0,2,0,3,1,1372,Canada
The Catalyst: Colorado College,16,0,1,0,0,0,0,1,0,0,0,0,0,0,0,0,0,0,0,0,0,2,0,0,0,0,0,0,0,0,0,0,0,1,0,0,0,0,0,0,0,0,0,0,0,0,1,0,0,0,0,0,0,1,0,0,0,0,0,0,0,1,0,0,24,US
The Charger Bulletin: University of New Haven,39,0,0,0,1,1,2,0,0,0,0,0,1,0,0,0,1,2,0,0,0,0,0,0,0,1,0,0,0,0,0,0,0,1,0,0,0,0,0,0,0,0,0,0,0,0,0,0,0,0,0,0,0,0,0,0,0,0,0,0,0,0,0,0,49,US
The Christian Science Monitor,307,0,3,10,1,8,0,4,8,0,1,0,2,2,2,0,2,0,0,2,3,6,0,2,1,6,0,1,0,1,0,0,1,0,0,0,1,5,2,0,1,0,1,0,1,2,0,0,1,1,0,3,2,1,3,1,0,0,5,0,0,0,0,2,405,US
The Chronicle: Quinnipiac University,164,2,6,0,4,1,0,5,0,0,1,0,1,1,0,0,1,1,0,2,0,1,1,1,0,0,0,0,1,0,3,0,0,3,1,0,1,0,0,3,0,1,0,2,0,0,0,2,0,0,1,0,0,0,1,2,0,0,0,0,0,0,3,0,216,US
The Circle: Marist College,24,0,1,0,1,0,0,0,0,0,1,0,0,0,0,0,0,1,0,0,0,2,0,0,0,0,0,0,0,0,0,0,0,0,0,0,0,0,0,0,0,0,0,3,0,0,0,0,0,0,0,0,0,0,0,0,0,0,0,0,0,0,0,0,33,US
The Citizen (Tanzania),326,2,0,14,4,7,5,2,3,0,4,1,3,0,7,1,2,7,1,4,1,0,0,2,0,2,0,3,0,1,1,0,2,4,0,4,6,1,0,2,1,1,1,0,0,2,0,0,0,0,0,0,0,4,2,4,0,0,0,0,0,2,1,3,443,Tanzania
The Clause: Azusa Pacific University,31,0,0,2,0,1,0,0,0,0,1,0,0,0,0,0,0,0,0,0,0,0,0,0,0,1,0,0,0,0,0,0,0,0,0,0,0,0,0,0,0,0,0,0,0,0,0,0,0,0,0,0,0,0,0,0,0,0,0,0,0,0,0,0,36,US
"The Columbian (Vancouver, Washington)",721,16,7,11,23,3,8,0,8,0,1,10,5,3,5,0,8,9,0,2,3,5,0,3,6,2,0,0,0,2,0,0,4,1,7,2,0,3,1,0,4,0,3,0,2,4,1,1,0,1,2,0,1,8,0,0,2,0,1,9,4,1,2,0,925,US
The Concordian: Concord College,17,0,1,0,0,0,0,0,0,0,3,0,0,0,0,0,0,0,0,0,0,0,0,0,0,0,0,0,0,1,1,0,0,1,0,0,0,0,0,0,0,0,0,0,0,0,0,0,0,0,0,0,0,0,0,0,0,0,0,0,0,0,0,0,24,Europe
The Courier,222,6,3,2,7,2,3,6,2,0,2,0,0,0,3,0,6,0,0,1,2,0,0,6,3,1,10,2,0,2,0,0,1,0,1,1,0,0,1,0,0,1,0,0,0,0,5,0,0,1,0,0,1,0,0,1,0,0,0,3,1,0,1,0,309,Europe
The Courier Mail (Australia),289,3,1,2,4,9,8,3,0,0,6,1,1,0,0,0,0,5,1,5,0,5,2,2,0,0,0,2,2,1,0,4,0,0,4,0,3,1,1,0,0,0,2,1,0,0,1,0,2,1,0,0,0,0,0,2,1,0,3,4,1,1,3,1,388,Australia
The Daily Athenaeum: West Virginia University,28,0,1,0,0,1,0,2,0,0,4,0,0,0,0,0,0,0,0,0,0,0,0,0,0,0,0,0,0,0,0,1,1,0,0,0,0,0,0,0,0,0,0,0,0,0,0,0,0,1,0,0,0,0,0,1,0,0,0,0,0,0,0,0,40,US
The Daily Campus: University of Connecticut,23,0,0,0,0,2,0,0,0,0,2,0,0,0,0,0,0,0,0,0,0,0,0,0,1,0,0,0,0,0,0,1,1,0,0,1,0,0,0,0,0,1,0,0,0,0,0,0,0,0,0,0,0,0,0,0,0,0,0,0,0,0,0,0,32,US
The Daily Cardinal: University of Wisconsin - Madison,129,0,16,0,2,2,0,8,0,0,14,0,4,4,0,0,2,0,0,0,2,0,8,0,0,0,0,2,0,2,4,4,0,0,0,0,0,2,2,7,0,0,0,0,0,0,0,0,0,2,0,0,0,0,2,0,0,0,0,0,0,0,0,2,220,US
The Daily Emerald: University of Oregon,68,2,0,0,1,3,0,1,0,0,1,0,2,1,0,0,0,2,0,1,1,0,0,0,0,0,0,1,0,0,0,0,0,0,0,3,0,1,1,0,0,0,0,0,1,1,0,0,0,2,0,0,0,0,0,0,0,0,1,0,0,0,0,0,94,US
The Daily Gamecock: University of South Carolina - Columbia,31,0,1,0,0,0,0,2,0,0,0,0,0,0,0,0,0,0,0,0,0,0,0,0,0,0,0,0,0,0,0,0,0,0,0,0,0,0,0,0,0,0,0,0,0,0,0,0,0,1,0,0,0,0,0,0,1,0,0,0,0,0,0,0,36,US
The Daily Iowan: University of Iowa,24,1,2,0,0,1,0,0,0,0,0,0,0,0,0,0,0,0,0,0,0,0,0,0,0,0,0,1,0,0,0,0,0,0,0,0,0,0,0,0,0,0,0,0,0,0,0,0,0,0,0,0,0,0,0,0,0,0,0,0,0,0,0,0,29,US
"The Daily Star, Dhaka, Bangladesh / Asia News Network",227,3,2,2,1,2,5,0,2,0,7,0,1,1,8,0,0,1,6,0,0,3,0,0,0,1,0,1,2,0,2,0,0,7,3,0,2,0,0,0,3,2,1,2,0,2,2,1,0,0,0,2,0,0,1,0,4,0,0,1,0,0,0,0,310,Bangladesh
The Daily Telegraph (Australia),317,2,7,4,0,5,8,8,2,0,2,0,2,1,0,0,5,3,2,7,6,5,3,2,0,0,0,2,0,1,2,2,0,0,1,2,1,0,0,2,0,0,0,1,1,0,2,3,0,2,0,0,0,0,0,0,1,0,1,1,1,1,0,0,418,Australia
The Daily Telegraph (London),1444,26,10,39,18,20,5,24,19,0,12,26,7,9,9,0,7,5,4,20,5,12,26,5,5,11,23,24,3,6,0,13,3,2,6,15,5,4,13,4,3,3,10,5,4,5,0,1,7,6,1,0,3,0,5,1,3,0,5,1,3,1,4,6,1966,Europe
The Daily Vidette: Illinois State University,19,0,1,0,0,0,0,0,0,0,0,0,0,0,0,0,0,0,0,0,1,1,0,0,0,0,0,0,0,0,0,0,0,1,1,0,0,0,0,0,0,0,0,0,0,0,0,0,0,0,0,0,0,0,0,0,0,0,0,0,0,0,0,0,24,US
The Dartmouth: Dartmouth College,128,0,3,0,0,4,0,18,0,0,4,0,0,5,0,0,2,0,0,2,2,2,0,1,0,0,0,2,2,1,0,6,0,0,0,5,0,0,2,5,0,3,0,2,0,0,0,2,0,0,0,0,1,0,0,0,0,0,0,0,0,0,2,0,204,US
The Deseret News,1076,9,42,8,10,17,6,22,5,0,16,5,6,12,6,0,5,6,2,8,29,7,18,8,1,1,0,18,7,6,6,15,2,0,0,11,5,2,2,18,1,5,3,10,9,1,7,2,1,5,0,0,9,3,2,2,3,0,1,0,1,6,2,1,1491,US
The Duke Chronicle: Duke University,87,0,2,0,0,0,0,3,2,0,4,1,0,3,1,0,0,0,0,0,5,1,0,1,0,0,0,1,0,0,0,2,0,0,0,1,0,0,1,1,0,0,0,2,0,0,0,0,0,1,0,0,0,0,0,0,0,0,0,0,0,1,3,0,123,US
The Eagle: American University,39,0,3,0,1,1,0,2,0,0,2,0,0,0,0,0,0,0,0,0,0,0,1,3,1,0,0,0,0,0,0,0,0,0,0,0,0,0,0,1,0,0,0,0,0,0,0,0,0,0,0,0,0,0,0,0,1,0,0,0,0,0,0,0,55,US
The Eagle: Florida Gulf Coast University,21,0,0,0,0,0,0,2,0,0,0,0,0,0,0,0,0,0,0,0,0,1,0,0,0,0,0,0,0,0,0,2,1,0,0,0,0,0,0,1,0,1,0,0,0,0,1,0,0,0,0,0,0,0,0,0,0,0,0,0,0,0,0,0,30,US
The Economic Times,1022,153,1,33,1,15,4,2,37,0,3,74,1,4,8,0,3,10,12,4,0,2,2,0,0,4,0,0,0,0,1,1,0,3,1,0,2,5,2,0,0,0,12,0,10,4,3,0,12,2,0,0,3,0,0,0,3,0,5,1,1,6,0,1,1473,India
The Evening Standard (London),548,11,8,10,13,8,2,1,9,0,1,12,3,1,8,0,12,1,3,7,2,2,2,1,0,2,18,3,0,4,0,1,0,4,2,1,5,7,0,0,0,3,1,0,0,3,8,2,0,0,0,0,1,7,2,1,1,0,0,1,2,0,1,1,746,Europe
The Express,564,0,12,9,11,11,4,4,10,0,1,0,5,0,2,0,5,8,0,11,0,6,3,7,2,2,22,4,3,3,3,3,1,2,3,10,6,6,1,2,2,7,1,1,1,7,1,1,0,3,0,0,3,4,0,0,1,0,4,0,1,2,1,0,786,Europe
The Express Tribune,726,0,2,24,5,18,4,2,10,0,5,1,3,5,1,0,1,0,0,7,2,3,1,1,5,14,0,1,0,12,1,0,10,1,4,2,12,1,3,2,10,1,4,1,5,4,4,1,9,0,0,0,5,3,7,5,1,0,4,5,0,4,0,4,966,Pakistan
The Frontier Star,301,3,0,5,2,10,5,2,3,0,2,1,3,0,0,0,0,3,0,5,3,2,0,0,3,1,0,1,0,0,0,0,2,1,0,0,2,0,2,0,3,1,4,1,2,1,0,0,1,1,0,0,2,2,0,0,1,0,3,0,0,1,0,0,385,Pakistan
The Gazette (Montreal),1025,2,14,3,8,11,0,26,1,0,23,0,0,1,4,0,6,1,1,3,5,9,16,9,0,2,9,24,6,1,2,14,4,0,3,6,1,0,3,5,0,6,1,5,0,2,1,3,3,4,8,0,4,2,1,1,1,0,1,0,0,0,1,0,1292,Canada
The Guardian (London),18743,370,275,119,282,199,244,364,124,2129,156,103,197,298,179,1428,107,122,121,78,189,72,74,88,98,54,0,54,35,74,132,59,61,61,102,71,68,35,56,53,62,52,75,98,55,40,63,96,109,55,217,0,81,46,37,34,43,0,34,47,85,55,46,20,28524,Europe
The Guardian: University of California - San Diego,118,1,8,1,1,2,0,5,0,0,2,0,1,1,0,0,0,1,0,2,0,1,3,0,0,1,0,1,0,0,0,0,1,0,1,0,0,0,0,1,1,1,0,0,0,0,0,0,0,0,0,0,0,1,1,0,0,0,0,0,0,0,0,0,156,US
The Hamilton Spectator (Ontario),735,1,22,6,7,2,7,7,7,0,5,3,6,1,3,0,3,5,2,3,4,1,5,4,1,3,0,0,2,2,4,10,1,1,3,1,0,3,2,1,1,3,0,4,2,1,0,1,0,1,2,0,1,2,3,0,1,0,0,2,1,3,1,0,902,Canada
The Hamilton Spectator (Ontario) Online,1148,1,43,2,9,5,8,6,0,0,4,0,5,7,1,0,5,3,5,0,5,1,10,8,1,0,0,4,4,4,4,12,2,0,1,2,1,4,2,0,1,6,0,1,0,2,1,0,0,3,11,0,1,1,1,2,3,0,2,0,0,0,2,0,1354,Canada
The Hartford Courant,977,7,8,11,16,4,4,5,27,0,6,5,6,1,10,0,2,3,2,2,5,12,3,3,15,2,0,5,1,6,0,0,1,2,6,5,0,2,8,4,2,3,5,1,9,4,4,1,2,2,1,0,3,6,1,1,2,0,4,6,3,2,2,2,1242,US
The Hatchet: George Washington University,42,0,5,1,0,0,0,2,0,0,8,0,0,0,0,0,1,0,0,0,0,1,0,2,0,0,0,0,0,0,1,1,0,1,0,1,2,2,0,2,0,0,0,1,0,1,1,0,0,0,0,0,0,0,0,0,0,0,1,0,0,0,0,0,76,US
The Heights: Boston College,118,0,4,0,2,1,0,4,0,0,1,0,0,0,0,0,1,1,0,0,0,1,3,1,0,0,0,1,4,0,0,3,2,0,0,1,0,0,0,0,0,5,0,0,0,0,0,0,0,0,0,0,0,0,0,0,0,0,0,0,0,0,2,0,155,US
The Herald,734,1,16,10,6,13,6,16,7,0,6,2,1,13,0,0,3,0,1,5,3,16,9,7,8,2,0,5,2,3,4,11,12,1,1,3,9,4,1,3,5,11,3,1,0,6,4,2,3,1,0,0,9,2,1,2,3,0,4,2,1,3,4,1,1012,Europe
The Herald (Glasgow),378,13,9,7,3,5,10,5,3,0,3,1,2,6,4,0,6,2,0,4,0,6,1,2,1,0,0,2,0,5,1,3,0,0,0,0,2,3,1,0,0,2,1,0,1,1,0,0,1,2,0,0,2,0,2,2,0,0,1,2,2,1,1,0,509,Europe
The Hindu,39,0,0,0,0,0,4,0,1,0,0,0,0,0,0,0,0,0,0,0,0,0,0,0,0,1,0,0,0,1,0,0,0,0,0,0,0,0,0,0,0,0,1,0,0,0,0,0,0,0,0,0,0,0,1,0,0,0,0,0,0,0,0,0,48,India
The Independent (United Kingdom),14426,197,146,163,383,227,154,194,69,0,137,31,145,120,99,13,111,85,113,81,53,80,86,99,88,29,0,64,35,67,37,66,84,63,84,78,47,57,54,45,37,50,48,76,19,59,44,64,37,33,6,1,67,35,28,27,54,0,37,45,37,23,36,11,18984,Europe
The Independent - Daily Edition,887,1,10,19,10,13,5,9,10,0,0,0,3,4,5,0,5,6,3,16,4,9,0,6,7,8,0,3,2,5,4,0,8,3,1,6,8,4,6,4,7,4,2,3,0,2,3,4,1,6,0,0,3,6,3,3,1,0,4,3,0,5,3,1,1158,Europe
The Irish Times,1229,26,24,23,25,16,12,2,16,0,8,8,8,4,9,0,8,5,2,11,7,8,1,2,9,13,0,2,4,15,7,1,3,2,7,7,5,11,12,4,5,5,5,1,10,4,3,3,2,3,0,0,2,4,2,4,2,0,5,3,1,9,2,6,1637,Europe
The Johns Hopkins News-Letter: Johns Hopkins University,21,0,1,0,0,0,0,1,0,0,4,0,0,0,0,0,0,1,0,0,0,0,1,1,0,0,0,0,0,0,0,1,2,0,0,0,0,0,0,0,0,0,0,0,0,0,0,0,0,0,0,0,0,0,0,0,0,0,0,0,0,0,0,0,33,US
The Jordan Times,132,0,0,0,0,5,5,2,0,0,2,1,0,0,1,0,0,0,0,1,1,0,0,0,0,0,0,1,0,1,0,0,0,0,0,1,2,0,1,0,1,0,0,0,0,3,0,0,1,1,0,0,0,0,1,1,1,0,0,0,0,1,0,2,168,MENA
The Justice: Brandeis University,110,0,0,2,2,0,0,0,1,0,3,0,1,0,2,0,1,2,0,0,0,0,0,0,1,2,0,0,0,0,0,0,0,0,0,0,0,3,0,0,0,0,1,0,0,0,0,0,1,0,0,0,1,1,0,1,0,0,0,0,0,0,1,1,137,US
The Lariat: Baylor University,87,0,3,1,0,3,0,3,0,0,0,0,0,0,0,0,0,1,2,0,0,0,2,1,0,0,0,1,0,1,0,0,1,0,0,0,1,0,0,0,0,1,0,0,0,2,0,0,1,0,0,0,1,0,0,0,0,0,1,0,0,0,0,1,114,US
"The Leader-Post (Regina, Saskatchewan)",364,0,9,1,0,13,5,4,4,0,19,0,0,3,0,0,0,1,0,0,3,1,1,0,5,0,7,1,2,0,0,1,0,5,1,0,0,0,0,0,0,0,0,0,0,0,0,1,1,5,3,0,0,0,2,2,0,0,1,0,0,0,0,0,465,Canada
The Leader: Elmhurst College,21,0,0,1,0,0,0,0,0,0,1,0,0,0,0,0,0,1,0,0,0,0,0,0,0,0,0,0,0,0,0,0,0,0,0,0,0,0,0,0,1,0,0,0,0,0,0,0,0,1,0,0,0,0,1,0,0,0,0,0,0,0,0,0,27,US
The Libertarian Institute,130,0,0,2,0,10,0,1,1,0,0,0,1,0,1,0,1,0,0,2,0,6,0,0,0,1,0,1,0,1,0,0,2,0,1,0,3,2,0,0,0,0,0,0,0,2,0,0,2,0,0,0,0,0,0,2,0,0,0,0,0,0,0,0,172,US
The Main Campus: University of Maine,131,0,2,3,0,0,0,0,0,0,2,0,0,0,0,0,0,0,0,2,0,2,0,0,0,2,0,0,0,2,0,0,0,0,0,2,4,0,0,0,0,0,0,0,2,0,0,0,0,0,0,0,2,0,0,2,0,0,0,0,0,0,0,2,160,US
The Malta Independent,2764,9,19,16,88,29,75,5,19,0,17,0,62,5,47,0,40,56,38,13,7,8,1,13,24,3,0,8,0,8,0,8,7,19,25,5,1,21,3,3,5,2,11,2,4,1,18,5,4,3,0,0,0,23,9,5,7,0,2,33,11,3,6,6,3626,Europe
The Marquette Tribune: Marquette University,35,0,2,0,0,0,0,2,0,0,1,0,0,0,0,0,0,0,0,0,0,0,0,0,0,0,0,0,1,0,0,1,0,0,1,0,0,0,0,2,0,0,0,1,0,0,0,0,0,0,0,0,0,0,0,1,0,0,0,0,0,0,0,0,47,US
The McGill Tribune: McGill University,86,0,8,0,0,0,0,2,0,0,4,0,1,0,0,0,0,0,1,0,0,1,3,0,0,0,0,0,1,0,1,1,2,3,0,1,0,0,0,1,0,0,0,1,0,0,0,1,0,1,0,0,0,0,0,0,0,0,0,0,0,0,1,0,120,US
The Mercury (South Africa),228,0,1,5,5,3,6,2,4,0,3,3,4,1,1,0,4,2,3,0,1,1,0,0,4,5,0,1,0,4,0,0,2,0,3,0,4,5,0,3,1,0,4,2,3,0,0,0,1,0,0,0,2,1,0,0,1,0,1,0,0,0,0,1,325,South Africa
The Michigan Journal: University of Michigan - Dearborn,22,0,1,0,0,0,0,0,0,0,1,1,0,0,0,0,0,0,0,0,0,0,0,1,0,0,0,0,0,1,1,0,0,0,0,0,1,0,0,0,1,0,0,0,0,0,0,0,0,0,0,0,0,1,0,0,0,0,0,0,0,0,0,0,31,US
The Michigan Review: University of Michigan - Ann Arbor,18,0,0,0,0,0,0,0,0,0,1,0,0,0,0,0,0,0,0,0,0,0,1,1,0,0,0,0,0,0,0,0,0,0,0,0,1,0,0,0,0,0,0,0,0,0,1,0,0,0,0,0,0,0,0,0,0,0,0,0,0,0,0,0,23,US
The Morning Call,805,3,2,10,12,5,3,1,21,0,2,4,5,5,8,0,1,4,2,0,6,4,2,4,14,1,0,0,2,6,2,1,2,1,4,2,0,2,3,0,2,3,5,0,6,4,3,3,0,0,1,0,1,4,0,3,3,0,2,4,3,2,0,3,1001,US
The Nation (AsiaNet),240,1,0,6,3,5,0,1,3,0,1,1,1,0,2,0,7,1,1,1,2,5,0,0,0,1,0,1,0,1,0,3,2,0,0,3,3,2,1,0,2,1,0,2,1,3,1,0,1,0,0,0,0,2,0,0,2,0,1,0,0,0,0,0,314,India
The Nation (Nigeria),809,2,1,20,6,12,7,5,5,0,6,1,4,6,5,0,2,7,5,2,7,4,1,0,4,7,0,0,0,4,0,2,0,4,2,2,2,3,3,3,4,0,4,1,2,3,0,1,3,0,1,0,0,4,0,0,2,0,0,2,0,0,0,12,992,Nigeria
The National (Scotland),759,1,11,7,7,23,7,12,2,0,9,1,7,13,2,0,6,1,3,7,1,3,3,6,13,1,0,5,0,4,12,1,8,1,5,5,3,0,0,6,1,2,0,4,0,7,4,2,5,8,0,0,1,2,0,6,2,1,0,2,1,3,2,1,1009,Europe
The Nevada Sagebrush: University of Nevada - Reno,16,0,5,0,0,0,0,0,0,0,1,0,0,0,0,0,0,0,0,0,0,0,0,1,0,0,0,0,0,0,1,1,0,0,0,0,0,0,0,1,0,0,0,1,0,0,0,0,0,0,0,0,0,0,0,0,0,0,0,0,0,0,0,0,27,US
The New Arab,2185,3,21,48,27,39,42,4,23,0,17,4,32,7,22,0,15,24,14,19,10,12,11,5,14,21,0,12,3,18,6,7,7,4,4,10,16,7,12,12,13,12,14,2,9,9,4,1,2,5,1,0,0,17,6,10,1,0,11,5,3,7,2,8,2879,MENA
The New York Times,14848,153,412,250,175,134,114,241,206,0,132,143,81,194,66,0,126,44,30,76,150,54,46,69,61,70,102,45,73,55,113,73,34,28,41,46,54,37,73,29,54,40,79,73,68,47,59,86,52,27,9,521,63,22,27,49,35,0,39,35,49,49,43,50,20254,US
The New York Times - International Edition,1504,11,18,35,17,9,9,30,30,0,13,20,4,16,9,0,6,2,2,11,8,9,2,18,6,12,0,5,8,9,0,4,9,7,5,1,7,1,9,3,9,7,7,6,6,4,2,7,7,2,0,77,5,6,8,9,5,0,7,6,5,2,8,8,2072,US
The News International,373,3,2,10,5,8,0,1,13,0,2,3,0,0,0,0,0,1,0,3,2,2,2,0,2,8,0,0,0,7,0,0,6,0,0,3,6,4,1,1,3,0,0,0,6,10,3,0,2,3,0,0,0,0,4,1,1,0,0,0,0,2,0,1,504,Pakistan
The Northern Star: Northern Illinois University,40,0,0,0,0,0,0,0,6,0,0,0,0,2,0,0,0,0,0,0,2,0,0,0,2,0,0,0,0,0,0,0,0,0,0,0,0,0,0,0,0,0,0,0,0,0,0,0,2,0,0,0,0,0,0,0,0,0,0,0,0,0,0,0,54,US
The Observer (London),526,1,2,12,11,6,7,12,2,0,4,0,0,2,0,0,5,1,1,4,0,5,3,6,4,4,0,1,0,6,0,2,14,1,2,1,7,1,0,3,4,5,0,0,1,3,4,0,0,4,0,0,0,0,3,2,3,0,2,1,4,3,4,2,701,Europe
The Observer: University of Notre Dame,25,0,1,0,0,0,0,4,0,0,0,0,0,2,0,0,0,0,0,0,1,0,0,0,0,0,0,0,0,0,0,0,0,0,0,1,0,0,1,0,0,0,0,0,0,0,0,0,0,0,0,0,2,1,0,0,0,0,0,0,0,0,0,0,38,US
The Observer: Yeshiva University,40,0,1,0,0,0,0,3,0,0,0,0,0,0,0,0,0,0,1,0,0,0,0,1,1,0,0,0,0,0,0,0,1,0,0,0,0,0,0,1,0,0,0,0,0,0,2,0,0,0,0,0,0,0,0,0,0,0,0,0,0,0,0,0,51,US
The Oracle: University of South Florida,50,0,3,0,0,1,0,1,0,0,0,0,0,0,0,0,0,1,0,0,0,2,2,0,0,0,0,0,1,0,0,0,1,0,2,1,0,0,1,2,0,1,0,0,0,0,0,0,0,3,0,0,0,0,0,0,0,0,0,0,0,0,0,0,72,US
The Orion: California State University - Chico,105,0,14,0,1,0,0,2,0,0,6,0,0,0,1,0,1,0,2,0,0,2,0,2,0,0,0,0,1,0,1,2,0,4,0,0,0,0,0,2,0,0,0,3,0,0,0,0,1,0,0,0,0,0,0,0,0,0,0,0,0,0,1,0,151,US
The Pan American: University of Texas - Pan American,119,1,8,1,1,2,0,5,0,0,2,0,1,1,0,0,0,1,0,2,0,1,3,0,0,1,0,1,0,0,0,0,1,0,1,0,0,0,0,1,1,1,0,0,0,0,0,0,0,0,0,0,0,1,1,0,0,0,0,0,0,0,0,0,157,US
The Peninsula,147,1,2,1,6,5,3,1,2,0,0,1,3,0,6,0,0,0,0,1,3,0,0,1,0,0,0,0,0,0,1,0,1,1,0,0,0,1,0,0,3,1,3,0,4,0,0,0,0,1,0,0,1,0,0,2,0,0,1,1,0,2,0,1,207,MENA
The Peterborough Examiner (Ontario),407,1,2,7,6,2,6,5,3,0,4,2,3,1,3,0,2,4,4,1,1,4,1,3,1,0,0,0,0,1,1,1,1,0,3,1,0,1,2,2,2,2,0,2,2,2,0,2,1,2,1,0,3,2,2,0,0,0,0,1,1,1,0,0,512,Canada
The Peterborough Examiner (Ontario) Online,704,1,2,1,5,2,10,2,0,0,2,0,0,7,1,0,0,3,4,0,0,0,4,4,0,0,0,4,0,2,0,3,2,0,0,1,2,0,2,0,1,2,0,1,0,0,1,0,0,2,9,0,1,1,2,2,3,0,3,0,0,0,0,0,796,Canada
The Philadelphia Inquirer,594,5,27,6,6,9,0,16,2,0,17,0,4,16,0,0,5,1,0,0,7,2,9,1,0,0,0,6,5,2,3,8,6,5,1,1,2,2,3,6,0,4,0,7,0,2,4,4,0,0,0,0,5,1,2,0,3,0,2,0,0,0,0,3,814,US
The Philippine Star,483,32,1,19,3,8,18,1,11,0,8,15,6,0,1,0,11,0,10,2,1,3,0,0,4,4,0,1,3,3,1,0,0,7,4,2,1,2,3,0,1,2,1,1,2,4,3,0,4,0,0,0,0,1,0,1,5,0,3,0,2,1,0,4,703,Philippines
The Pioneer (India),512,0,0,18,5,7,6,2,3,0,3,4,1,6,0,0,1,0,1,7,4,3,2,0,7,6,0,0,2,1,0,3,0,0,5,2,3,2,4,2,5,0,0,0,3,2,2,1,1,2,0,0,1,0,5,3,0,19,6,0,0,0,0,1,673,India
The Pitt News: University of Pittsburgh - Pittsburgh Campus,39,0,2,0,0,1,0,1,0,0,2,0,0,1,1,0,0,0,0,1,0,0,2,1,0,0,0,0,0,0,0,0,0,0,0,0,0,0,0,1,0,1,0,1,0,0,0,0,0,0,0,0,0,0,0,0,1,0,0,0,0,0,0,0,55,US
The Post,824,3,8,5,4,8,5,0,4,0,1,1,1,3,3,2,6,4,2,8,0,6,0,1,4,0,0,0,0,0,4,0,2,1,0,1,4,0,3,1,1,2,1,5,4,2,5,3,1,3,21,0,1,0,0,1,0,0,3,0,4,0,3,0,979,Europe
The Post: Ohio University,56,0,5,0,0,1,1,0,0,0,0,0,0,1,0,0,1,0,0,2,0,2,1,0,0,0,0,0,0,1,0,0,0,0,0,0,1,0,1,1,0,0,0,0,0,1,0,1,0,0,0,0,0,0,0,2,0,0,0,0,0,0,0,0,78,US
"The Press (Christchurch, New Zealand)",874,4,10,3,7,9,6,2,2,0,1,0,1,2,4,2,6,0,1,8,0,8,0,1,4,0,0,0,2,2,6,0,5,1,0,3,5,0,5,1,1,2,1,4,0,1,5,4,1,4,20,0,1,0,0,0,0,0,2,0,3,0,3,0,1037,New Zealand
The Press and Journal,294,6,3,3,6,1,7,9,1,0,2,1,1,6,5,0,6,3,4,1,0,0,1,1,3,0,15,1,0,2,0,0,2,0,3,1,0,3,0,0,1,0,0,0,0,0,2,2,0,0,0,0,1,1,1,0,0,0,0,4,5,0,0,0,408,Europe
The Punch,333,6,1,3,10,5,2,1,1,0,1,0,2,2,7,0,4,1,8,0,3,1,0,1,7,1,0,1,0,5,0,0,2,2,1,1,5,1,0,0,3,0,0,0,0,0,0,2,0,1,0,0,0,0,1,0,1,0,1,1,4,0,0,0,432,Nigeria
The Rebel Yell: University of Nevada - Las Vegas,31,0,1,0,0,0,0,2,0,0,2,0,0,0,0,0,0,0,0,0,0,0,0,1,0,0,0,0,0,0,1,0,0,0,0,2,0,0,0,0,0,0,0,1,0,1,0,0,0,0,0,0,0,0,0,0,0,0,0,0,0,0,0,0,42,US
"The Record (Waterloo Region, Ontario) Online",933,2,4,3,6,8,12,2,0,0,3,0,0,7,2,0,0,6,10,0,1,0,6,7,1,0,0,4,0,2,0,4,2,0,0,2,2,0,3,0,2,4,0,1,0,0,2,0,0,3,9,0,1,2,2,6,4,0,5,0,0,0,0,0,1073,Canada
The Record: Buffalo State University,12,0,0,0,0,6,0,0,0,0,0,0,0,0,0,0,0,0,0,0,0,0,0,0,0,0,0,0,0,0,0,0,0,0,0,0,0,0,0,0,0,2,0,0,0,0,0,0,0,0,0,0,0,0,0,0,0,0,0,0,0,0,0,0,20,US
The Scroll: Brigham Young University-Idaho,21,0,2,0,1,1,0,0,0,0,1,0,0,1,0,0,0,1,0,0,0,2,0,0,0,0,0,0,0,0,2,0,0,0,0,0,0,0,0,0,0,1,0,0,0,0,0,0,0,0,0,0,0,0,1,0,0,0,0,0,0,0,0,0,34,US
The Shorthorn: University of Texas - Arlington,19,0,2,2,0,0,0,0,0,0,0,0,0,0,0,0,0,0,0,0,0,0,0,0,0,0,0,0,0,0,0,0,0,0,0,0,0,0,0,0,0,0,0,0,0,0,0,0,0,0,0,0,0,0,0,0,0,0,0,0,0,0,0,1,24,US
The South End: Wayne State University,44,0,7,0,0,0,0,5,0,0,0,0,1,1,1,0,0,0,0,1,0,0,1,2,0,0,0,1,0,0,0,0,0,0,0,0,1,1,0,0,0,0,0,1,0,0,0,0,1,0,0,0,0,0,0,0,0,0,0,0,0,0,1,0,69,US
The Southland Times (New Zealand),543,0,7,2,2,0,5,0,2,0,1,0,1,0,3,2,4,0,1,0,0,4,0,1,4,0,0,0,0,0,2,0,0,1,0,0,0,0,1,1,0,0,0,2,0,1,4,4,0,3,13,0,1,0,0,0,0,0,1,0,4,0,0,0,620,New Zealand
The Spectrum: Sacred Heart University,21,0,0,0,0,0,0,0,0,0,1,0,0,0,0,0,0,0,0,1,0,0,0,0,0,0,0,0,0,0,0,0,0,0,1,1,2,0,0,0,0,0,0,0,0,0,0,0,0,0,0,0,0,0,0,0,0,0,0,0,0,0,0,0,27,US
The Spinnaker: University of North Florida,39,1,0,0,3,0,0,0,0,0,5,0,0,0,0,0,0,0,0,0,0,0,0,0,0,0,0,0,0,0,1,3,0,0,0,0,0,0,0,0,0,0,0,0,0,0,0,0,0,0,0,0,0,0,0,0,0,0,0,0,0,0,0,0,52,US
The Standard (Kenya),360,0,0,1,2,7,0,3,1,0,5,0,3,1,5,0,3,2,2,0,1,1,1,0,1,4,0,0,0,2,1,0,0,0,0,1,6,2,1,0,8,1,2,1,1,2,2,2,1,1,0,0,0,3,2,3,0,0,2,0,0,1,1,1,450,Kenya
"The Standard (St. Catharines, Ontario)",75,0,3,1,0,0,0,0,0,0,0,0,1,0,0,0,0,1,0,0,0,0,0,1,0,0,0,0,0,0,0,0,1,0,0,0,0,0,0,0,0,0,0,0,0,0,0,0,0,0,1,0,0,2,0,0,0,0,0,0,0,0,0,0,86,Canada
"The Standard (St. Catharines, Ontario) Online",1315,4,11,3,7,19,14,4,0,0,9,0,1,9,2,0,1,10,10,2,1,0,8,3,1,0,0,4,4,4,2,5,5,0,2,1,1,0,3,0,2,4,2,1,2,2,2,0,0,2,11,0,2,2,1,4,4,0,2,0,0,0,2,0,1510,Canada
The Stanford Daily: Stanford University,83,1,4,0,1,1,0,5,0,0,1,0,1,2,0,0,1,0,0,1,0,1,2,0,0,0,0,2,0,0,2,0,0,0,0,1,1,2,1,2,0,0,0,2,0,0,0,1,0,1,0,0,1,0,1,0,0,0,1,0,0,0,0,0,122,US
The Star (South Africa),182,1,1,4,3,3,5,3,6,0,2,3,1,1,1,0,0,0,2,2,0,0,0,2,0,0,0,1,0,2,0,0,2,1,2,0,4,1,1,3,1,1,0,2,0,1,0,1,2,0,0,0,2,0,3,1,0,0,2,3,0,0,1,0,259,South Africa
"The Star Phoenix (Saskatoon, Saskatchewan)",157,0,3,1,0,3,0,3,1,0,2,0,0,0,0,0,2,1,0,0,3,1,1,0,0,0,5,1,2,0,0,1,0,0,0,0,0,0,0,0,0,0,0,0,0,0,0,1,1,0,0,0,0,0,1,1,0,0,1,0,0,0,0,0,192,Canada
The Straits Times (Singapore),667,44,4,24,3,10,7,3,25,0,2,29,1,1,5,0,0,3,3,6,3,3,2,0,0,9,10,0,0,0,6,0,2,0,1,1,2,5,1,0,7,0,4,1,11,1,1,1,8,0,0,0,1,2,1,2,3,0,2,1,1,0,1,3,933,Singapore
The Student Life: Washington University - St. Louis,156,0,2,0,1,5,0,5,0,0,5,0,0,1,0,0,4,1,0,0,0,2,1,3,2,0,0,0,2,3,1,4,2,0,0,2,0,0,0,5,0,0,0,0,0,0,0,0,0,0,0,0,1,0,0,0,0,0,0,0,0,1,0,0,209,US
The Stute: Stevens Institute of Technology,85,0,0,3,4,2,0,0,0,0,0,0,0,0,0,0,0,0,0,0,0,0,0,0,0,2,0,0,0,4,0,0,0,0,0,0,0,0,0,0,0,0,0,0,0,2,0,0,0,0,0,0,0,0,0,0,0,0,0,0,0,0,0,0,102,US
The Suffolk Journal: Suffolk University,23,0,0,2,0,0,1,0,0,0,0,0,0,0,1,0,0,1,0,0,0,1,0,1,0,0,0,0,0,0,0,0,0,0,0,0,0,0,0,1,0,1,0,2,0,0,0,0,0,0,0,0,0,0,0,0,0,0,0,0,0,0,0,0,34,US
The Sun (England),1093,5,41,1,51,25,16,11,6,0,10,0,2,4,7,0,6,4,0,10,0,5,14,13,4,14,33,2,1,4,13,2,5,4,3,5,6,1,2,4,0,11,2,4,0,0,0,4,4,5,0,0,0,4,4,7,3,0,0,3,4,1,2,0,1485,Europe
"The Sun Herald (Sydney, Australia)",90,1,4,0,0,2,0,0,0,0,0,0,0,0,0,0,0,0,0,0,1,2,0,0,0,0,0,0,0,0,2,0,0,0,0,0,0,2,0,0,0,0,0,0,0,0,0,0,0,0,0,0,0,0,0,0,0,0,0,0,0,0,0,0,104,Australia
The Sunday Telegraph (London),536,0,6,10,3,16,1,2,5,0,2,2,0,2,0,0,9,5,0,3,6,6,19,4,0,0,8,9,0,2,1,8,0,4,5,3,1,12,0,7,5,1,0,1,5,1,0,2,0,5,0,0,0,0,2,3,2,0,0,0,3,2,0,0,729,Europe
The Sunday Times (London),964,24,15,20,13,14,5,13,8,0,8,11,8,3,6,0,4,6,7,7,2,5,2,4,4,1,11,5,4,6,2,8,9,0,8,10,1,0,4,11,2,2,2,5,2,4,0,7,3,2,0,0,2,0,0,6,0,0,2,0,0,0,0,2,1274,Europe
The Telegraph (India),307,8,3,3,2,12,1,2,14,0,3,1,0,2,5,0,3,1,5,0,2,0,1,0,2,1,0,3,3,1,2,2,0,2,1,1,2,2,2,1,5,1,0,0,6,1,2,0,0,5,0,0,1,0,2,0,1,0,0,0,1,4,0,4,433,India
The Thaiger,166,4,1,1,4,0,4,0,8,0,0,2,0,0,0,0,1,6,6,0,0,0,0,2,0,0,0,0,0,0,0,0,0,9,1,0,1,7,0,0,0,0,0,0,0,2,0,0,0,0,0,0,0,0,0,0,0,0,0,0,1,0,0,0,226,Thailand
The Timaru Herald (New Zealand),640,1,10,2,4,2,6,5,2,0,3,0,1,0,3,2,4,1,2,0,0,7,0,3,4,0,0,0,0,0,2,2,0,1,0,0,0,2,1,1,0,1,0,2,0,1,5,5,0,3,16,0,1,0,0,0,0,0,0,0,3,0,0,0,748,New Zealand
The Times (London),3734,77,48,58,27,54,40,56,50,0,17,26,13,25,35,0,25,10,12,15,12,33,34,11,25,13,72,26,11,30,2,38,20,20,17,30,16,11,8,48,14,15,10,25,15,16,23,14,4,19,0,0,8,2,6,15,4,0,16,6,14,11,9,17,5062,Europe
The Times of India (TOI),1608,42,14,51,13,19,18,16,15,0,18,14,4,15,18,0,3,2,23,7,4,5,5,3,7,12,0,8,1,4,2,10,7,14,11,5,7,9,7,7,10,1,5,3,10,4,8,2,4,5,1,0,9,1,1,7,11,0,3,3,1,6,3,3,2129,India
The Toronto Star,1679,13,31,17,29,27,11,8,11,0,4,14,13,4,7,0,16,2,14,12,7,7,4,8,6,7,0,6,2,14,6,7,9,4,10,5,6,7,5,5,8,7,1,3,3,11,0,3,4,10,5,0,4,5,3,5,8,0,2,3,2,2,2,1,2129,Canada
The Towerlight: Towson University,25,0,1,0,0,0,0,4,0,0,0,0,0,0,0,0,0,1,0,0,0,0,1,0,0,0,0,0,2,0,0,0,0,1,0,0,0,0,0,0,0,0,0,0,0,0,0,1,0,0,0,0,0,0,1,0,0,0,0,0,0,0,0,0,37,US
The Tripod: Trinity College,43,0,0,0,0,0,0,0,0,0,0,0,0,0,1,0,0,0,0,0,0,0,1,0,0,0,0,0,0,0,0,0,0,0,0,0,0,0,0,1,1,0,0,0,0,2,0,0,0,0,0,0,0,0,0,0,0,0,0,0,0,1,0,0,50,US
The University News: Saint Louis University,84,0,0,1,0,1,0,3,0,0,3,0,0,4,0,0,1,0,0,1,3,0,2,1,0,0,0,0,2,1,1,2,1,0,0,1,0,0,0,0,0,0,0,1,0,1,0,0,0,0,0,0,2,0,0,0,1,0,0,0,0,2,0,0,119,US
The Vancouver Sun (British Columbia),627,0,8,1,2,5,0,15,1,0,3,0,0,6,0,0,2,3,0,0,4,3,12,9,0,0,8,3,12,0,3,7,5,1,1,0,0,1,2,6,0,0,0,1,0,0,0,1,3,2,8,0,5,0,1,1,0,0,1,1,1,0,1,0,776,Canada
The Vie Collegienne: Lebanon Valley College,12,0,1,0,0,1,0,0,0,0,0,0,1,0,0,0,0,0,0,0,0,0,0,0,0,0,0,0,0,0,0,0,0,1,0,0,0,1,0,0,0,0,0,0,0,0,0,0,0,0,0,0,0,0,0,0,0,0,0,0,0,0,0,0,17,US
The Wesleyan Argus: Wesleyan University,123,0,2,0,1,5,1,2,1,0,0,0,2,2,0,0,0,0,0,1,0,2,1,0,0,1,0,0,0,1,0,0,2,1,0,1,1,0,1,1,0,0,0,3,0,1,0,1,0,2,0,0,0,0,1,0,0,0,1,0,0,0,0,0,161,US
The Western Mail,678,5,4,15,7,4,21,4,5,0,7,0,11,0,7,0,1,3,5,1,2,3,1,3,7,4,16,6,1,5,0,1,8,0,4,1,2,7,3,0,2,3,0,3,2,2,2,2,0,0,1,0,3,6,1,2,2,0,0,5,3,0,2,3,896,Europe
TheHill.com,2312,32,17,48,24,19,20,19,18,0,20,3,19,27,55,0,15,13,7,24,48,25,9,7,2,18,0,11,6,9,12,11,6,13,4,13,12,11,20,8,22,3,12,3,10,17,4,0,7,12,3,0,12,10,13,11,1,0,2,3,8,11,1,6,3108,US
Times of Oman,243,5,1,2,9,4,8,1,2,0,1,1,3,0,7,0,1,3,7,0,4,1,0,1,6,1,0,0,0,0,0,0,0,3,1,0,1,0,0,0,1,1,1,1,5,2,0,0,0,0,1,0,0,1,0,1,0,0,0,2,2,0,0,0,334,MENA
Toronto Sun,1625,3,47,12,1,50,1,14,0,0,16,2,2,28,3,0,5,2,4,14,17,14,26,12,4,1,19,26,2,15,13,26,6,6,1,25,4,2,23,13,1,7,1,5,3,1,1,10,1,15,11,0,5,5,4,5,2,0,12,0,3,3,5,0,2184,Canada
Tufts Daily: Tufts University,69,0,0,1,4,3,0,0,2,0,0,0,1,0,0,0,0,0,0,1,0,1,0,0,1,1,0,0,0,0,0,0,0,0,0,0,0,1,0,0,0,0,0,0,0,0,2,0,0,0,0,0,1,0,0,0,0,0,2,0,0,0,0,0,90,US
USA Today,1297,22,21,8,17,11,10,24,18,0,21,4,8,9,15,0,12,4,8,2,12,9,3,17,4,3,24,4,9,8,4,4,7,7,7,2,3,1,1,5,3,6,2,7,2,2,6,3,2,3,0,0,7,3,1,3,12,0,3,1,7,3,3,0,1724,US
USA Today Online,5859,106,143,30,88,35,43,73,36,0,55,14,48,40,45,0,37,27,42,19,52,27,15,31,31,14,0,7,20,20,48,14,21,34,33,11,18,16,27,19,5,21,10,23,8,8,28,32,15,13,4,0,15,10,7,6,13,0,7,17,5,15,19,13,7492,US
Vermont Cynic: University of Vermont,38,0,2,0,0,0,0,0,0,0,3,0,0,0,1,0,0,0,0,1,0,0,1,2,0,0,0,0,0,0,1,1,0,0,0,0,0,0,0,0,0,0,0,1,0,0,1,0,0,0,0,0,0,0,0,0,0,0,0,0,0,0,1,0,53,US
"Waikato Times (Hamilton, New Zealand)",726,1,7,3,4,6,6,1,3,0,1,0,2,2,3,2,6,1,1,4,0,6,0,1,4,0,0,0,0,0,3,0,2,1,0,1,0,0,3,1,0,2,1,2,3,1,4,4,1,3,17,0,1,0,0,0,0,0,2,0,3,0,2,0,847,New Zealand
Washington Square News: New York University,184,2,8,1,0,6,1,0,0,0,4,0,0,1,0,0,0,2,0,5,0,3,3,0,0,0,0,1,2,1,2,2,2,0,0,2,0,0,2,10,0,0,0,0,0,0,1,4,0,0,0,0,0,2,0,0,0,0,1,0,0,0,1,0,253,US
Waterloo Region Record (Ontario),461,1,2,7,6,2,5,7,5,0,5,3,3,1,3,0,3,5,4,2,1,4,1,3,1,2,0,0,0,1,2,2,1,0,3,1,0,1,2,2,2,2,0,3,2,2,0,2,1,2,1,0,3,2,2,0,0,0,0,1,1,1,0,0,579,Canada
Weekly Blitz,586,0,0,5,3,10,0,6,9,0,2,1,0,3,0,0,2,0,2,8,2,1,5,1,1,3,0,3,1,7,4,0,3,1,0,4,5,0,10,1,1,2,2,2,0,0,0,0,1,2,0,0,0,1,0,9,0,16,2,0,0,2,0,2,731,Bangladesh
Weekly Trust,582,6,0,8,4,10,1,0,11,0,3,12,11,1,1,0,1,8,0,2,0,0,2,0,3,0,0,0,2,2,0,0,0,2,2,1,10,2,0,1,4,0,2,0,4,6,3,0,2,2,0,0,1,1,0,2,0,0,0,0,0,2,0,0,717,Nigeria
Welland Tribune (Ontario),75,0,3,1,0,0,0,0,0,0,0,0,1,0,0,0,0,1,0,0,0,0,0,1,0,0,0,0,0,0,0,0,1,0,0,0,0,0,0,0,0,0,0,0,0,0,0,0,0,0,1,0,0,2,0,0,0,0,0,0,0,0,0,0,86,Canada
Welland Tribune (Ontario) Online,1238,4,12,2,6,13,15,2,0,0,7,0,1,7,2,0,1,10,10,2,0,0,8,3,0,0,0,3,2,4,2,3,3,0,2,2,1,0,3,0,2,4,2,1,2,2,2,0,0,2,11,0,1,2,1,4,4,0,3,0,0,0,2,0,1413,Canada
Western Daily Press,290,4,3,5,5,2,6,1,3,0,4,0,4,1,2,0,1,0,0,1,0,0,2,2,1,1,13,1,2,1,0,2,3,2,1,0,0,0,1,0,0,2,2,1,0,1,0,1,0,0,0,0,2,1,1,0,0,0,0,1,1,0,0,0,377,Europe
What the Papers Say (EV) (Russia),213,2,2,5,3,3,0,0,7,0,1,3,1,1,4,0,0,4,0,1,0,0,0,0,1,4,0,0,0,0,0,0,0,0,0,0,1,1,0,0,4,1,3,1,0,0,0,0,0,1,0,0,1,0,0,0,0,0,1,0,0,2,0,0,271,Europe
Winnipeg Sun,269,0,4,3,1,7,0,3,0,0,4,0,0,8,0,0,0,0,2,8,2,7,2,0,0,0,8,1,0,4,2,1,0,1,0,1,1,0,3,1,1,0,1,1,0,0,0,0,1,3,0,0,1,0,0,1,0,0,2,0,0,1,0,0,355,Canada
"Wisconsin State Journal (Madison, Wisconsin)",742,9,21,6,8,5,14,6,1,0,2,2,7,6,7,0,7,5,0,2,0,5,2,2,4,1,15,5,0,5,1,1,4,0,5,1,4,3,2,1,1,3,2,1,1,1,7,0,4,1,0,0,1,6,1,0,1,0,3,5,5,1,2,0,957,US
dailyrecord.co.uk,618,2,7,4,10,14,5,3,0,0,10,0,7,6,2,0,12,6,11,10,1,10,5,4,11,0,0,5,0,2,1,2,12,2,6,4,1,4,1,2,0,3,2,3,3,3,1,1,3,4,1,0,1,1,1,2,9,0,1,1,3,0,4,1,848,Europe
i-news,1579,18,41,36,15,23,12,22,21,0,5,12,8,21,4,0,14,6,5,9,6,14,15,11,7,15,0,10,7,8,3,1,8,1,7,11,6,13,12,4,1,5,12,5,15,5,5,5,8,4,0,0,4,4,8,5,1,0,7,2,4,4,6,2,2122,Europe
standard.co.uk,41,0,1,0,0,0,1,1,0,0,1,0,0,0,1,0,0,0,0,0,2,0,0,0,0,0,0,0,0,0,0,0,0,0,0,0,0,0,0,0,0,0,1,0,1,0,0,0,0,0,0,0,0,0,1,0,0,0,0,0,0,0,0,0,51,Europe
telegraph.co.uk,38,1,0,2,0,0,3,0,0,0,0,0,0,0,0,0,1,0,0,0,0,0,0,0,0,0,0,0,0,0,1,0,0,1,0,1,0,0,0,0,0,0,0,0,0,0,0,0,0,0,0,0,0,0,1,0,0,0,0,0,0,0,0,0,49,Europe
thestar.com,10105,35,95,23,61,71,78,20,4,0,19,4,49,18,58,0,24,26,8,33,1,15,18,53,34,10,0,9,18,21,8,12,23,10,11,4,16,22,5,11,5,31,2,10,2,18,12,14,9,13,72,0,13,10,10,7,10,0,4,25,4,9,11,4,11327,Canada
thetimes.co.uk,1090,2,8,18,15,13,17,7,29,0,9,2,18,5,19,0,6,8,3,11,0,1,13,1,3,12,0,8,3,5,1,16,5,4,7,13,4,3,8,6,7,2,5,0,2,3,0,0,3,7,2,0,3,0,2,2,6,0,5,0,5,2,1,8,1458,Europe
,,,,,,,,,,,,,,,,,,,,,,,,,,,,,,,,,,,,,,,,,,,,,,,,,,,,,,,,,,,,,,,,,302564,
